Date,AGRO3.SA,B3SA3.SA,COCA34.SA,CPLE6.SA,CYRE3.SA,TAEE11.SA,VALE3.SA
2021-03-11,17.08,17.03,44.58,4.51,21.31,26.2,79.08
2021-03-12,17.06,16.62,44.28,4.64,21.7,26.12,77.25
2021-03-15,17.71,16.16,45.22,4.97,22.08,26.72,76.79
2021-03-16,17.67,15.76,45.2,5.06,21.27,27.13,76.55
2021-03-17,17.92,15.91,45.01,5.14,22.57,28.22,77.65
2021-03-18,17.44,16.14,44.38,5.11,21.63,27.8,76.27
2021-03-19,17.6,16.71,43.58,5.14,22.18,28.33,75.17
2021-03-22,17.67,16.53,44.09,5.22,22.3,28.3,73.93
2021-03-23,17.23,16.27,44.45,5.21,21.93,28.56,72.22
2021-03-24,17.19,16.16,45.67,5.02,20.9,28.25,73.88
2021-03-25,16.79,16.33,46.35,5.05,21.53,28.29,73.32
2021-03-26,16.88,16.4,47.58,5.14,21.08,28.54,75.77
2021-03-29,16.74,16.31,48.81,5.19,20.54,30.34,77.71
2021-03-30,17.07,16.28,48.48,5.2,21.84,30.98,76.99
2021-03-31,17.5,16.62,46.99,5.25,21.94,30.77,77.7
2021-04-01,17.66,16.32,47.25,5.09,21.48,29.96,77.24
2021-04-05,17.89,16.53,47.1,5.05,22.13,30.56,82.0
2021-04-06,18.39,16.76,46.76,5.06,22.34,30.73,80.94
2021-04-07,18.27,16.72,47.11,5.06,22.06,31.31,82.93
2021-04-08,18.6,17.0,46.53,5.03,22.42,31.37,82.88
2021-04-09,19.22,16.81,47.41,5.0,22.8,30.75,81.69
2021-04-12,19.68,16.97,48.01,4.95,22.81,30.94,82.01
2021-04-13,19.45,16.83,47.85,4.99,22.71,30.95,82.15
2021-04-14,19.8,16.75,47.09,5.04,22.78,31.09,84.87
2021-04-15,20.41,16.61,47.25,5.14,22.49,31.02,85.83
2021-04-16,21.49,16.86,47.15,5.24,22.81,31.74,86.19
2021-04-19,22.88,16.54,47.07,5.28,22.34,32.27,85.44
2021-04-20,23.0,16.35,47.25,5.33,22.51,32.4,84.2
2021-04-22,23.35,16.24,46.69,5.17,22.42,32.38,84.25
2021-04-23,23.34,16.35,47.1,5.21,22.69,32.16,85.65
2021-04-26,22.69,16.13,45.86,5.19,22.83,32.26,86.11
2021-04-27,22.75,16.12,46.42,5.18,22.63,32.16,87.34
2021-04-28,23.65,16.31,45.44,5.1,22.75,32.09,88.77
2021-04-29,25.05,15.99,45.55,5.11,22.39,32.37,88.79
2021-04-30,26.54,15.67,46.0,5.08,21.88,33.05,86.47
2021-05-03,26.85,15.67,46.57,4.97,21.86,33.42,86.02
2021-05-04,26.38,15.42,46.21,4.87,21.66,33.36,87.32
2021-05-05,27.83,15.67,45.71,4.89,21.67,32.97,87.81
2021-05-06,27.09,15.46,45.25,4.85,21.95,32.22,91.25
2021-05-07,26.89,16.23,44.66,4.88,22.42,32.06,91.57
2021-05-10,26.19,16.22,45.15,4.82,22.01,31.38,90.96
2021-05-11,25.68,16.08,44.77,4.86,21.67,31.45,94.16
2021-05-12,25.36,15.67,44.73,4.68,21.13,30.74,90.68
2021-05-13,25.21,15.75,45.57,4.7,21.68,31.33,89.22
2021-05-14,25.04,16.3,45.4,4.73,22.06,32.99,87.69
2021-05-17,24.87,16.05,45.25,4.82,22.69,33.41,89.99
2021-05-18,24.81,15.8,45.2,4.89,22.38,33.47,90.89
2021-05-19,24.34,15.72,45.2,4.89,21.48,33.39,89.03
2021-05-20,24.34,15.75,45.25,4.95,21.57,33.5,88.13
2021-05-21,23.63,15.84,45.91,4.93,20.41,33.62,86.77
2021-05-24,23.47,15.93,45.85,5.02,20.61,34.02,87.07
2021-05-25,23.33,15.52,45.91,5.04,21.05,33.88,84.91
2021-05-26,23.7,15.61,46.13,5.05,21.65,33.82,87.4
2021-05-27,24.16,15.5,45.44,5.12,21.63,33.6,88.03
2021-05-28,24.27,15.96,45.39,5.25,22.04,33.26,88.51
2021-05-31,25.0,16.01,45.81,5.17,22.22,32.96,91.04
2021-06-01,25.58,16.16,44.68,5.17,23.68,33.64,89.78
2021-06-02,26.02,15.53,44.35,5.27,24.08,33.57,91.05
2021-06-04,25.85,15.74,44.8,5.21,24.36,34.03,89.54
2021-06-07,26.05,15.79,44.35,5.17,24.17,34.28,88.67
2021-06-08,25.48,14.91,44.11,5.09,24.34,34.04,87.18
2021-06-09,24.96,14.97,44.35,5.0,23.78,34.0,88.99
2021-06-10,25.08,14.61,44.77,5.05,23.2,34.41,88.7
2021-06-11,24.56,14.73,45.15,5.07,22.81,33.96,90.69
2021-06-14,24.4,14.9,44.54,5.19,23.0,34.45,90.2
2021-06-15,25.34,15.22,44.48,5.16,22.94,34.61,88.43
2021-06-16,24.47,15.44,43.87,5.05,22.64,33.95,85.78
2021-06-17,23.72,15.68,43.78,5.06,22.46,33.79,83.99
2021-06-18,24.1,15.87,43.48,5.03,22.47,34.18,86.52
2021-06-21,23.72,15.59,43.39,5.08,22.4,33.58,87.33
2021-06-22,23.74,15.51,42.93,5.04,22.06,33.21,88.36
2021-06-23,23.61,15.54,42.73,5.01,21.68,32.76,89.68
2021-06-24,23.37,15.51,42.2,5.0,21.88,32.61,89.8
2021-06-25,22.79,15.24,42.62,4.95,21.27,32.07,90.91
2021-06-28,22.96,15.51,42.34,4.91,21.11,32.18,89.45
2021-06-29,22.6,15.56,42.11,4.8,21.36,31.76,91.0
2021-06-30,23.11,15.55,42.59,4.81,21.7,31.39,91.6
2021-07-01,22.78,15.09,43.17,4.81,21.16,31.18,90.0
2021-07-02,23.13,15.18,43.66,4.84,21.78,31.82,91.86
2021-07-05,23.96,14.9,43.77,4.93,21.63,32.0,91.53
2021-07-06,23.18,14.72,44.61,4.91,21.33,31.77,92.02
2021-07-07,23.42,15.04,44.95,4.93,21.6,32.27,92.28
2021-07-08,22.92,14.93,44.93,4.82,21.1,31.8,91.93
2021-07-12,22.11,15.45,44.76,4.89,21.81,31.81,93.07
2021-07-13,22.1,15.67,45.0,4.86,21.74,32.11,93.62
2021-07-14,22.33,15.83,45.19,4.86,21.93,32.38,93.11
2021-07-15,22.04,15.72,45.65,4.82,21.56,32.28,93.4
2021-07-16,22.18,15.34,45.62,4.89,21.2,32.5,91.72
2021-07-19,21.84,15.17,46.27,4.88,21.05,32.43,90.71
2021-07-20,21.92,15.18,46.19,4.87,20.87,32.84,91.47
2021-07-21,22.16,15.12,47.1,4.9,20.75,33.03,92.53
2021-07-22,21.95,15.26,46.59,4.95,20.82,32.93,92.77
2021-07-23,21.79,15.12,47.23,4.91,20.36,32.53,92.3
2021-07-26,21.79,15.17,46.78,4.89,20.05,32.16,94.31
2021-07-27,22.22,14.89,46.79,4.92,19.9,32.21,92.35
2021-07-28,22.34,14.65,45.91,5.0,20.21,32.6,94.87
2021-07-29,22.4,14.62,45.83,5.04,19.82,32.41,93.47
2021-07-30,22.26,14.1,47.08,4.96,19.39,32.35,87.96
2021-08-02,22.29,14.44,46.49,5.15,19.43,33.64,88.1
2021-08-03,22.45,14.8,46.78,5.11,19.09,33.37,91.1
2021-08-04,22.01,14.74,46.03,5.14,18.8,33.59,91.01
2021-08-05,22.17,14.53,46.5,5.17,18.25,33.25,88.22
2021-08-06,22.27,14.7,47.09,5.31,18.67,33.52,88.73
2021-08-09,21.85,14.58,47.24,5.42,18.92,34.16,88.17
2021-08-10,21.99,14.34,46.65,5.32,18.64,33.69,89.02
2021-08-11,22.01,13.92,47.17,5.42,18.32,33.65,88.38
2021-08-12,21.76,12.84,47.16,5.22,17.97,33.53,88.32
2021-08-13,21.15,13.54,47.52,5.17,17.7,33.6,87.59
2021-08-16,20.07,12.93,48.01,5.22,17.73,33.73,88.0
2021-08-17,19.71,12.78,47.64,5.17,17.03,33.96,86.54
2021-08-18,19.73,12.52,48.09,5.23,17.03,33.62,83.64
2021-08-19,20.23,13.11,48.66,5.38,17.11,33.99,78.87
2021-08-20,20.26,13.13,48.51,5.44,17.24,34.44,78.9
2021-08-23,20.48,12.62,48.2,5.38,16.89,33.78,77.81
2021-08-24,20.8,12.85,46.71,5.43,18.98,33.98,80.65
2021-08-25,20.68,12.94,46.26,5.45,19.71,33.7,80.48
2021-08-26,20.78,12.63,46.14,5.27,18.54,32.45,79.45
2021-08-27,20.72,12.89,46.03,5.34,19.81,32.36,81.44
2021-08-30,21.55,12.67,46.21,5.33,19.01,32.5,80.92
2021-08-31,21.49,13.01,45.98,5.55,18.8,32.25,79.81
2021-09-01,23.26,13.34,46.47,5.76,18.55,32.42,79.95
2021-09-02,22.6,13.01,46.66,5.66,17.93,32.11,79.7
2021-09-03,21.67,12.99,46.61,5.51,17.56,32.31,79.76
2021-09-06,21.58,13.24,46.65,5.78,18.05,32.14,78.5
2021-09-08,20.91,12.13,47.4,5.51,16.91,31.34,76.87
2021-09-09,21.46,12.6,47.04,5.72,17.23,31.55,76.59
2021-09-10,21.96,12.77,46.14,5.72,17.59,31.5,76.68
2021-09-13,22.42,13.13,46.39,5.78,18.46,31.93,76.64
2021-09-14,22.4,13.07,46.55,5.78,18.39,32.35,76.1
2021-09-15,22.46,12.99,46.75,5.63,18.27,31.88,74.2
2021-09-16,22.54,13.06,46.74,5.57,18.31,31.76,71.12
2021-09-17,22.37,13.11,46.01,5.38,18.29,31.58,69.68
2021-09-20,21.38,12.65,45.94,5.63,18.03,31.01,66.93
2021-09-21,21.74,12.53,45.64,5.64,18.55,31.34,68.04
2021-09-22,22.34,13.18,45.83,5.8,18.88,31.36,70.45
2021-09-23,22.97,12.86,45.78,5.85,18.07,31.51,70.45
2021-09-24,22.93,12.83,45.88,5.82,18.07,31.19,69.36
2021-09-27,23.04,12.65,46.07,5.85,17.82,31.38,70.35
2021-09-28,22.49,11.97,45.68,5.77,16.77,31.25,66.83
2021-09-29,23.15,11.97,45.83,5.93,16.55,31.26,67.68
2021-09-30,23.46,11.96,45.93,5.9,16.74,30.49,68.07
2021-10-01,23.61,12.42,45.56,5.96,17.35,30.53,68.03
2021-10-04,23.76,11.64,46.09,5.82,16.69,30.47,67.4
2021-10-05,23.77,11.41,46.58,5.74,16.28,30.17,66.92
2021-10-06,23.47,11.47,47.13,5.75,16.26,30.44,68.8
2021-10-07,24.0,11.51,47.39,5.71,15.97,30.57,70.85
2021-10-08,25.04,11.73,47.84,5.83,16.65,31.12,71.29
2021-10-11,25.24,11.39,47.94,5.68,16.48,31.09,72.87
2021-10-13,25.04,12.06,47.83,5.74,16.91,31.83,70.71
2021-10-14,25.24,11.95,48.14,5.7,16.53,31.92,70.71
2021-10-15,25.58,12.35,47.58,5.8,16.9,32.06,72.03
2021-10-18,25.44,12.13,47.47,5.92,16.93,32.3,71.35
2021-10-19,24.98,11.75,48.6,5.82,15.71,31.89,70.53
2021-10-20,24.35,12.34,48.4,5.84,15.48,32.08,68.45
2021-10-21,23.32,12.21,49.27,5.58,14.5,31.77,67.1
2021-10-22,23.08,11.85,49.16,5.42,14.11,31.32,67.93
2021-10-25,23.53,12.1,48.08,5.43,14.31,31.65,68.75
2021-10-26,22.63,11.41,48.3,5.32,13.58,31.24,68.01
2021-10-27,22.25,11.38,49.65,5.32,14.13,31.5,66.47
2021-10-28,21.86,11.3,50.14,5.27,13.39,31.25,65.8
2021-10-29,21.4,11.18,50.95,5.19,13.1,31.19,63.93
2021-11-01,21.49,11.25,50.95,5.21,13.51,31.31,64.57
2021-11-03,22.05,11.27,50.36,5.34,14.05,31.94,59.67
2021-11-04,21.5,11.21,50.85,5.24,13.74,31.43,58.99
2021-11-05,22.56,11.61,49.94,5.22,14.51,31.28,57.24
2021-11-08,23.58,11.49,49.96,5.22,13.88,30.99,60.35
2021-11-09,23.89,11.87,49.39,5.43,14.51,31.4,58.87
2021-11-10,23.37,11.89,50.23,5.5,15.04,31.89,58.65
2021-11-11,23.38,12.35,49.08,5.52,15.41,31.37,60.72
2021-11-12,22.44,12.25,49.72,5.47,14.79,31.13,60.98
2021-11-16,21.77,11.97,49.27,5.42,13.93,30.49,59.22
2021-11-17,21.17,11.89,49.46,5.34,13.57,30.12,58.03
2021-11-18,20.95,11.71,49.25,5.34,13.51,30.22,55.65
2021-11-19,20.74,11.71,49.65,5.44,14.06,30.22,57.17
2021-11-22,20.49,11.36,50.03,5.35,13.39,30.13,60.35
2021-11-23,20.58,11.25,49.97,5.45,13.41,30.07,61.93
2021-11-24,20.91,11.44,49.5,5.35,13.48,30.41,63.37
2021-11-25,21.41,11.61,49.83,5.4,14.14,30.61,62.94
2021-11-26,20.83,11.06,48.04,5.3,13.56,30.49,61.28
2021-11-29,20.72,10.8,49.11,5.35,13.05,30.97,62.05
2021-11-30,19.94,10.43,47.71,5.38,12.65,30.68,62.45
2021-12-01,19.87,10.34,48.75,5.35,12.25,30.46,62.7
2021-12-02,20.07,10.76,47.83,5.5,12.92,31.68,65.61
2021-12-03,20.34,10.92,48.82,5.44,13.88,31.88,64.17
2021-12-06,20.55,11.06,50.03,5.38,14.32,32.32,67.65
2021-12-07,20.58,11.31,49.96,5.47,14.12,32.03,68.15
2021-12-08,21.26,11.38,48.9,5.57,14.87,31.63,67.64
2021-12-09,20.88,10.99,49.41,5.57,14.42,31.5,67.12
2021-12-10,21.12,11.62,50.89,5.63,15.27,31.71,67.54
2021-12-13,21.8,11.41,52.8,5.64,14.72,31.73,69.51
2021-12-14,21.65,11.36,52.98,5.6,14.28,31.89,69.51
2021-12-15,21.74,11.32,53.36,5.64,14.47,32.29,69.11
2021-12-16,22.37,11.33,53.58,5.57,14.41,32.4,71.82
2021-12-17,21.92,11.56,53.47,5.63,14.42,32.42,70.68
2021-12-20,22.14,11.15,53.47,5.53,14.25,32.09,69.89
2021-12-21,22.69,10.81,53.4,5.5,14.11,32.12,71.73
2021-12-22,23.5,10.93,53.1,5.54,14.08,32.15,71.35
2021-12-23,23.34,10.82,53.14,5.54,14.05,32.06,70.67
2021-12-27,23.39,10.75,53.24,5.63,14.29,32.13,70.49
2021-12-28,23.96,10.61,53.43,5.61,14.3,32.16,68.79
2021-12-29,24.04,10.53,54.3,5.61,14.33,32.09,68.97
2021-12-30,24.39,10.59,52.36,5.64,14.67,32.16,69.6
2022-01-03,24.03,10.24,53.91,5.73,13.5,32.33,69.64
2022-01-04,23.21,10.46,55.01,5.67,13.26,32.48,68.82
2022-01-05,23.29,10.24,56.15,5.6,12.92,32.16,69.47
2022-01-06,23.95,10.49,55.63,5.45,12.8,32.09,70.87
2022-01-07,23.77,10.73,54.96,5.44,12.98,32.11,75.0
2022-01-10,23.63,10.68,55.46,5.46,12.72,32.05,74.1
2022-01-11,23.44,10.71,54.2,5.47,12.82,31.97,75.51
2022-01-12,23.6,11.09,53.92,5.52,13.2,32.03,76.34
2022-01-13,23.85,11.07,54.08,5.55,13.19,31.96,75.17
2022-01-14,23.87,11.67,54.01,5.65,13.19,31.94,75.61
2022-01-17,23.53,11.8,52.18,5.7,13.15,32.01,75.22
2022-01-18,23.31,11.76,54.68,5.67,12.75,32.11,77.06
2022-01-19,23.83,11.71,53.71,5.78,13.71,32.64,78.76
2022-01-20,23.79,12.65,53.33,5.94,14.16,33.37,77.42
2022-01-21,23.11,13.03,52.95,5.97,14.62,33.63,75.81
2022-01-24,22.28,12.47,52.76,6.0,14.4,33.73,74.88
2022-01-25,22.65,12.72,52.23,6.18,15.18,33.69,75.05
2022-01-26,22.27,13.16,51.89,6.13,15.82,33.46,75.26
2022-01-27,22.38,13.81,51.66,6.26,16.13,33.32,75.43
2022-01-28,22.9,14.08,52.5,6.34,15.96,33.48,74.69
2022-01-31,23.67,13.96,51.61,6.4,16.25,33.92,72.2
2022-02-01,24.65,13.62,51.4,6.41,16.02,33.46,76.17
2022-02-02,24.53,13.49,51.42,6.33,15.64,33.44,76.59
2022-02-03,23.85,13.5,52.19,6.47,15.64,33.64,76.56
2022-02-04,23.67,13.49,52.31,6.44,14.86,33.31,78.57
2022-02-07,24.38,13.08,52.13,6.43,14.77,33.57,80.47
2022-02-08,24.24,12.94,52.35,6.43,14.76,33.34,81.59
2022-02-09,24.99,13.52,51.18,6.5,14.74,33.53,81.61
2022-02-10,25.58,13.47,51.98,6.55,14.66,33.57,83.81
2022-02-11,25.33,13.29,50.97,6.49,14.75,33.3,82.11
2022-02-14,25.64,13.49,50.92,6.51,14.8,33.23,81.75
2022-02-15,25.24,13.94,50.28,6.62,15.44,33.51,79.33
2022-02-16,25.7,13.93,50.14,6.49,15.47,33.19,79.91
2022-02-17,25.98,13.56,51.59,6.46,15.08,33.16,76.47
2022-02-18,25.09,13.63,51.36,6.43,15.1,33.56,76.63
2022-02-21,25.21,13.44,50.88,6.35,14.63,33.65,76.69
2022-02-22,25.99,13.74,50.74,6.41,14.64,34.44,78.02
2022-02-23,26.38,13.93,49.19,6.52,14.36,35.23,77.2
2022-02-24,27.45,14.04,49.44,6.3,14.32,35.33,78.16
2022-02-25,27.83,13.92,51.93,6.18,14.11,34.88,82.39
2022-03-02,28.67,13.68,51.11,6.33,13.82,35.49,88.97
2022-03-03,28.88,14.11,50.23,6.35,13.85,35.3,89.01
2022-03-04,28.94,13.79,50.65,6.37,13.4,36.53,91.04
2022-03-07,29.58,13.27,49.96,6.24,12.59,35.92,93.81
2022-03-08,27.93,13.01,47.66,6.26,12.82,35.51,89.69
2022-03-09,28.25,13.18,47.26,6.45,13.57,36.24,87.33
2022-03-10,28.46,12.71,46.29,6.43,13.59,36.41,90.21
2022-03-11,27.98,12.66,47.16,6.44,13.02,36.06,89.74
2022-03-14,28.05,12.66,48.57,6.42,13.05,36.02,84.93
2022-03-15,27.18,12.7,49.49,6.38,13.5,36.34,82.49
2022-03-16,27.19,12.99,49.17,6.41,13.92,36.64,84.49
2022-03-17,28.13,13.27,48.91,6.52,13.67,36.99,87.43
2022-03-18,28.38,13.48,48.68,6.62,14.95,37.59,89.09
2022-03-21,28.58,13.26,48.64,6.79,14.95,37.6,91.61
2022-03-22,28.38,13.97,48.45,6.99,15.39,37.89,89.56
2022-03-23,28.85,14.1,47.3,6.75,15.83,37.95,89.42
2022-03-24,27.37,14.22,47.49,6.77,16.38,38.83,89.85
2022-03-25,27.26,14.64,47.35,6.74,17.5,39.34,88.29
2022-03-28,27.09,14.59,47.69,6.51,17.24,39.17,88.39
2022-03-29,27.06,15.02,47.9,6.57,16.74,38.74,87.63
2022-03-30,26.88,15.15,48.08,6.68,16.43,38.75,88.88
2022-03-31,26.99,15.19,47.7,6.74,16.26,39.11,88.63
2022-04-01,27.07,15.51,47.25,6.79,16.68,39.21,89.9
2022-04-04,27.27,15.6,46.45,6.73,16.38,39.5,90.8
2022-04-05,27.96,15.3,47.4,6.68,15.83,39.23,88.18
2022-04-06,29.06,15.34,47.8,6.73,15.27,38.98,89.52
2022-04-07,29.15,15.32,48.71,6.68,15.03,39.02,90.05
2022-04-08,27.89,15.08,48.57,6.63,14.71,39.28,88.22
2022-04-11,28.3,14.39,48.3,6.58,14.4,39.15,87.15
2022-04-12,28.2,13.87,49.03,6.61,14.32,39.45,86.57
2022-04-13,27.7,13.93,48.83,6.71,14.37,39.11,86.59
2022-04-14,28.35,14.01,49.56,6.76,14.23,39.25,85.38
2022-04-18,29.48,14.04,48.11,6.71,14.26,39.63,83.97
2022-04-19,28.92,14.06,49.28,6.55,14.27,39.12,81.29
2022-04-20,29.28,14.2,49.11,6.55,14.24,39.5,79.18
2022-04-22,28.82,13.88,51.29,6.66,13.88,39.14,74.59
2022-04-25,29.14,13.65,52.35,6.72,14.43,39.88,73.32
2022-04-26,30.36,13.16,52.51,6.75,13.68,40.28,72.32
2022-04-27,30.87,13.06,52.45,6.85,13.87,40.54,76.18
2022-04-28,30.83,13.13,52.88,6.79,14.15,39.95,78.07
2022-04-29,30.59,12.86,51.48,6.63,13.67,39.25,77.22
2022-05-02,30.34,12.38,51.49,6.5,13.7,38.59,76.88
2022-05-03,31.07,12.13,50.35,6.54,13.88,39.12,76.49
2022-05-04,31.53,12.23,51.84,6.47,14.32,40.01,75.85
2022-05-05,30.33,11.72,52.73,6.42,13.8,39.5,74.48
2022-05-06,29.97,11.38,52.8,6.41,13.5,39.63,73.95
2022-05-09,29.63,11.35,54.27,6.46,13.47,39.88,70.92
2022-05-10,29.43,11.19,53.32,6.44,13.82,38.02,70.04
2022-05-11,27.95,10.92,53.23,6.41,13.56,37.2,72.96
2022-05-12,28.35,11.51,53.89,6.62,13.91,37.67,72.22
2022-05-13,28.85,11.09,53.24,6.75,13.94,37.31,72.14
2022-05-16,28.45,11.09,53.24,6.8,14.42,37.33,74.3
2022-05-17,28.48,11.51,52.45,6.94,14.5,37.69,73.99
2022-05-18,27.56,11.17,49.29,6.92,13.79,37.93,72.11
2022-05-19,27.76,11.42,47.47,7.0,14.04,37.99,74.03
2022-05-20,27.67,11.64,47.9,7.16,14.29,37.74,75.34
2022-05-23,27.81,11.7,48.78,7.28,14.23,37.83,76.88
2022-05-24,28.0,11.62,49.93,7.4,14.0,38.71,77.92
2022-05-25,28.06,11.51,49.54,7.32,13.8,38.45,78.16
2022-05-26,28.3,12.0,49.73,7.25,14.14,37.38,78.11
2022-05-27,28.05,12.28,49.68,7.1,13.83,37.01,79.47
2022-05-30,29.3,12.38,48.98,6.9,13.51,37.03,80.34
2022-05-31,28.85,12.35,48.57,7.06,13.19,37.35,79.93
2022-06-01,28.82,12.09,49.19,7.02,13.16,37.18,81.81
2022-06-02,29.17,12.46,49.13,7.1,13.25,37.72,83.35
2022-06-03,28.3,12.25,48.57,6.96,13.22,38.18,82.01
2022-06-06,27.49,11.87,48.97,6.91,12.78,37.86,82.1
2022-06-07,27.34,11.5,49.93,6.8,12.49,37.37,84.02
2022-06-08,26.67,11.4,50.02,6.76,12.17,37.45,81.12
2022-06-09,26.39,11.55,49.36,6.75,12.28,37.48,78.38
2022-06-10,26.08,11.27,49.47,6.66,11.78,37.32,78.4
2022-06-13,25.3,11.16,50.46,6.6,11.64,37.43,75.91
2022-06-14,25.1,11.11,49.23,6.61,11.67,37.36,75.77
2022-06-15,25.09,11.22,48.96,6.72,11.92,37.37,75.72
2022-06-17,24.41,11.07,50.29,6.71,11.85,37.02,71.77
2022-06-20,24.15,11.17,49.92,6.72,11.65,37.18,70.0
2022-06-21,24.68,11.11,50.47,6.59,11.63,36.82,70.46
2022-06-22,23.71,11.26,52.07,6.73,11.7,36.72,69.86
2022-06-23,23.54,11.2,52.5,6.59,11.7,36.28,67.31
2022-06-24,23.54,11.22,53.67,6.64,11.58,36.08,69.18
2022-06-27,23.47,11.22,53.49,6.74,11.51,36.16,72.36
2022-06-28,23.28,10.9,53.14,6.7,11.28,36.38,73.66
2022-06-29,22.92,10.71,53.02,6.56,11.46,35.69,73.05
2022-06-30,21.94,10.72,53.46,6.54,11.42,35.73,70.98
2022-07-01,21.93,10.95,55.41,6.69,11.64,36.34,69.63
2022-07-04,21.46,10.84,54.57,6.58,11.55,35.75,69.23
2022-07-05,21.32,11.02,54.72,6.51,11.82,35.59,68.89
2022-07-06,20.75,10.87,56.17,6.49,11.92,35.84,69.54
2022-07-07,21.38,11.11,54.87,6.5,12.15,36.24,71.56
2022-07-08,21.22,11.19,54.13,6.56,12.22,36.15,69.91
2022-07-11,20.55,10.53,55.25,6.55,12.02,36.18,67.52
2022-07-12,20.41,10.31,55.37,6.61,12.59,36.24,67.73
2022-07-13,20.04,10.06,55.04,6.51,12.51,36.16,67.5
2022-07-14,20.26,10.06,54.63,6.53,11.76,36.61,63.0
2022-07-15,20.21,9.81,54.66,6.63,11.74,36.63,63.39
2022-07-18,20.82,10.05,54.31,6.53,11.66,36.51,63.72
2022-07-19,20.94,9.99,55.25,6.54,11.72,36.33,63.86
2022-07-20,21.37,10.31,54.99,6.56,11.82,36.51,62.48
2022-07-21,21.59,10.77,55.0,6.56,11.93,36.68,63.57
2022-07-22,21.0,10.49,54.8,6.61,11.85,37.23,64.17
2022-07-25,21.03,10.5,54.55,6.72,11.84,37.58,65.35
2022-07-26,20.88,10.5,55.02,6.56,11.61,37.38,65.23
2022-07-27,21.43,10.64,53.83,6.59,11.93,37.42,65.38
2022-07-28,21.56,11.01,54.16,6.65,12.4,37.55,65.54
2022-07-29,21.59,10.85,53.85,6.7,12.21,37.43,64.67
2022-08-01,21.14,10.63,54.73,6.6,12.5,37.79,63.12
2022-08-02,21.35,10.56,54.51,6.64,12.12,38.18,65.13
2022-08-03,21.22,10.92,54.74,6.61,12.95,38.18,62.6
2022-08-04,21.37,11.64,54.36,6.77,14.43,38.69,62.24
2022-08-05,21.97,11.81,53.82,6.92,14.23,39.0,63.05
2022-08-08,21.92,12.18,52.46,6.91,14.22,39.4,63.58
2022-08-09,21.81,11.98,52.78,7.0,14.23,39.87,64.9
2022-08-10,22.59,12.1,52.89,6.87,14.6,39.92,64.95
2022-08-11,23.0,11.88,53.07,6.79,13.98,38.99,67.21
2022-08-12,23.34,12.81,52.69,6.78,14.1,39.46,68.07
2022-08-15,23.23,12.91,53.83,6.7,14.97,40.13,66.61
2022-08-16,23.74,12.83,54.63,6.63,14.86,39.64,68.09
2022-08-17,24.04,12.59,54.73,6.93,14.79,40.26,66.54
2022-08-18,23.6,12.57,55.24,6.81,14.52,40.12,66.04
2022-08-19,24.03,12.24,55.23,6.81,13.66,39.74,65.3
2022-08-22,23.81,12.03,54.02,6.82,13.6,39.7,64.34
2022-08-23,24.83,12.16,53.71,6.84,13.87,39.58,68.47
2022-08-24,25.14,12.19,53.71,6.84,14.11,39.18,66.26
2022-08-25,25.32,12.49,53.76,6.74,14.03,38.66,67.55
2022-08-26,26.01,12.16,52.46,6.72,13.77,38.53,66.54
2022-08-29,26.28,12.07,51.81,6.72,14.06,38.99,65.25
2022-08-30,25.93,11.92,51.57,6.67,13.96,38.98,63.36
2022-08-31,25.78,11.59,52.75,6.68,13.68,39.91,62.9
2022-09-01,26.34,11.84,53.04,6.8,14.63,40.47,62.31
2022-09-02,25.44,12.36,52.13,6.75,15.78,40.33,61.36
2022-09-05,26.06,12.57,51.57,6.79,15.75,40.47,63.6
2022-09-06,25.85,12.12,52.14,6.67,15.11,40.22,62.09
2022-09-08,25.83,12.72,52.36,6.59,15.63,39.95,62.91
2022-09-09,26.59,12.67,52.58,6.59,16.17,39.74,67.82
2022-09-12,27.02,12.96,51.94,6.64,16.01,39.73,68.42
2022-09-13,26.69,12.6,52.06,6.51,15.7,39.4,66.56
2022-09-14,27.25,12.5,51.57,6.46,15.45,39.34,65.34
2022-09-15,26.74,12.29,51.74,6.37,15.45,39.11,66.65
2022-09-16,27.15,12.11,52.04,6.45,15.21,38.92,66.56
2022-09-19,27.23,12.93,50.83,6.48,15.63,39.2,68.71
2022-09-20,27.06,13.34,50.74,6.48,15.66,39.55,67.73
2022-09-21,27.35,13.03,50.76,6.43,15.79,39.89,66.75
2022-09-22,27.89,13.15,49.88,6.6,16.33,40.0,68.28
2022-09-23,27.5,13.18,50.39,6.54,16.2,40.05,66.87
2022-09-26,26.2,12.67,51.46,6.31,15.65,38.95,67.02
2022-09-27,25.96,12.55,50.16,6.11,15.53,38.25,66.02
2022-09-28,25.78,12.65,50.03,6.15,16.8,37.62,66.64
2022-09-29,25.89,12.4,50.56,6.17,16.67,36.89,66.73
2022-09-30,27.18,12.84,50.01,6.3,17.73,37.3,70.25
2022-10-03,27.5,13.66,48.3,6.55,19.36,38.35,72.16
2022-10-04,27.57,14.25,48.49,6.41,19.01,37.96,73.91
2022-10-05,27.79,14.5,47.76,6.37,19.12,37.91,75.05
2022-10-06,27.79,14.6,47.22,6.38,18.96,38.02,73.36
2022-10-07,27.98,14.57,46.65,6.29,18.7,38.26,73.64
2022-10-10,29.15,14.61,46.23,6.39,18.54,38.34,72.15
2022-10-11,29.11,14.12,47.27,6.26,18.04,38.06,71.67
2022-10-13,28.88,13.68,48.3,6.05,17.94,37.41,70.39
2022-10-14,28.07,13.67,48.14,5.95,17.98,37.2,68.1
2022-10-17,28.55,13.93,48.42,6.13,18.01,37.08,69.17
2022-10-18,28.53,13.78,48.43,6.22,18.25,37.3,70.17
2022-10-19,28.66,14.03,48.75,6.37,17.76,37.39,69.35
2022-10-20,28.98,13.78,47.55,6.43,17.14,37.47,70.23
2022-10-21,29.53,14.4,47.44,6.59,17.57,38.23,72.29
2022-10-24,29.67,13.82,50.27,6.89,17.22,38.55,70.15
2022-10-25,28.85,13.63,51.42,6.84,17.05,38.43,70.15
2022-10-26,28.76,12.97,52.54,6.7,16.22,37.61,71.71
2022-10-27,29.15,13.66,51.85,6.95,17.09,37.95,69.15
2022-10-28,29.41,13.96,52.85,6.99,17.27,37.85,65.78
2022-10-31,30.06,14.8,51.02,7.09,17.97,38.48,65.46
2022-11-01,30.9,14.88,50.36,7.72,17.97,38.19,67.45
2022-11-03,31.35,15.14,49.85,7.58,17.7,37.78,65.48
2022-11-04,31.29,15.35,49.19,7.7,17.82,37.83,70.46
2022-11-07,30.55,15.06,50.57,7.5,16.73,37.55,70.09
2022-11-08,29.22,15.09,50.4,7.53,16.62,37.83,72.21
2022-11-09,27.2,15.0,49.89,7.5,16.64,37.78,71.34
2022-11-10,26.4,13.1,53.23,7.23,14.69,36.76,72.7
2022-11-11,27.02,12.38,53.54,7.39,13.99,37.84,80.26
2022-11-14,27.66,12.27,52.98,7.39,14.62,38.55,81.24
2022-11-16,26.72,12.2,53.78,7.16,13.73,35.85,80.39
2022-11-17,26.14,11.47,53.03,6.98,13.24,35.75,81.04
2022-11-18,26.07,11.68,53.75,6.86,13.15,35.45,78.82
2022-11-21,26.44,11.86,54.05,8.37,14.21,35.64,77.94
2022-11-22,26.25,11.8,55.19,8.32,13.73,35.48,78.15
2022-11-23,26.76,11.8,54.23,8.05,13.33,35.26,78.92
2022-11-24,27.48,12.46,54.98,8.34,13.85,35.83,79.43
2022-11-25,27.5,11.86,54.73,8.17,13.36,35.13,78.89
2022-11-28,26.68,11.89,55.27,8.14,13.22,34.65,79.28
2022-11-29,27.44,12.35,55.26,8.01,13.86,34.59,82.35
2022-11-30,27.08,12.53,54.46,8.08,13.88,33.63,83.58
2022-12-01,26.32,12.21,54.74,8.12,13.62,33.76,84.04
2022-12-02,27.26,12.5,56.33,7.99,14.13,33.87,84.65
2022-12-05,26.63,11.96,55.51,7.75,13.15,33.34,84.56
2022-12-06,27.03,11.99,55.01,7.84,13.28,33.6,85.79
2022-12-07,27.29,12.06,54.86,8.03,13.39,34.03,82.74
2022-12-08,26.07,11.55,54.41,7.82,12.78,33.74,83.75
2022-12-09,26.34,11.55,55.43,7.7,12.66,33.48,86.54
2022-12-12,26.15,11.27,55.53,7.53,12.13,32.93,83.95
2022-12-13,26.05,11.21,55.63,7.35,11.73,32.82,84.31
2022-12-14,26.27,11.59,55.63,7.42,12.08,32.12,85.02
2022-12-15,27.25,11.35,54.84,7.45,12.23,32.48,85.3
2022-12-16,26.6,11.18,54.56,7.43,11.69,31.8,83.84
2022-12-19,27.25,11.9,54.97,7.49,12.34,31.94,83.54
2022-12-20,27.78,12.42,54.0,7.65,12.56,32.24,83.91
2022-12-21,27.93,12.36,55.09,7.63,12.5,32.44,84.39
2022-12-22,28.2,12.13,55.09,7.68,12.53,33.31,83.91
2022-12-23,28.4,13.17,55.08,7.72,13.02,33.44,84.47
2022-12-26,28.3,13.23,54.37,7.66,12.79,33.27,85.24
2022-12-27,28.25,12.77,56.33,7.59,12.33,32.92,87.27
2022-12-28,28.98,13.21,55.47,7.88,12.91,33.42,87.08
2022-12-29,29.96,13.03,56.35,7.91,12.63,33.24,86.97
2023-01-02,29.11,12.14,56.5,7.64,12.42,32.97,87.48
2023-01-03,28.29,11.73,57.04,7.5,11.87,32.62,87.32
2023-01-04,27.66,11.82,56.49,7.71,12.33,32.59,87.48
2023-01-05,27.61,12.19,55.47,7.65,12.66,32.72,88.95
2023-01-06,27.82,12.48,55.14,7.54,13.25,33.98,90.36
2023-01-09,27.81,12.31,54.87,7.47,13.12,34.34,90.45
2023-01-10,27.89,12.74,53.44,7.44,13.46,34.38,91.57
2023-01-11,28.37,13.33,53.12,7.79,13.66,34.34,91.25
2023-01-12,27.92,13.25,51.49,7.73,13.64,34.96,91.73
2023-01-13,28.3,13.04,51.91,7.78,13.3,34.82,91.8
2023-01-16,28.26,12.83,52.27,7.7,13.16,34.83,90.27
2023-01-17,29.13,12.89,51.95,7.7,13.57,35.04,90.15
2023-01-18,28.72,12.96,51.19,7.74,13.92,35.03,91.33
2023-01-19,29.2,12.85,51.16,7.81,13.94,35.51,91.73
2023-01-20,29.13,12.65,51.52,7.73,13.84,35.15,91.97
2023-01-23,29.17,12.54,51.77,7.69,14.0,35.47,92.27
2023-01-24,29.32,12.72,51.41,7.78,14.16,35.65,93.25
2023-01-25,29.6,12.99,51.22,7.81,14.44,35.75,94.13
2023-01-26,30.22,13.0,50.92,7.87,14.57,36.19,95.89
2023-01-27,29.55,12.6,51.05,7.65,14.35,36.43,93.27
2023-01-30,29.41,12.75,51.91,7.62,14.28,36.36,92.94
2023-01-31,29.8,12.84,51.32,7.77,14.67,37.0,92.48
2023-02-01,29.33,12.79,51.32,7.8,14.47,36.27,91.45
2023-02-02,29.27,12.88,50.29,7.57,14.57,35.93,87.22
2023-02-03,28.98,12.0,50.67,7.46,13.99,35.66,87.04
2023-02-06,29.17,12.0,51.14,7.57,13.57,36.01,85.95
2023-02-07,28.65,11.78,51.65,7.37,13.56,35.46,86.52
2023-02-08,27.71,12.01,50.8,7.54,14.15,35.87,86.81
2023-02-09,26.54,11.54,52.3,7.35,14.23,35.51,86.49
2023-02-10,27.01,11.69,51.99,7.45,14.64,36.02,84.93
2023-02-13,26.84,11.81,51.85,7.49,15.06,36.22,84.85
2023-02-14,26.29,11.34,50.89,7.33,14.76,35.71,85.23
2023-02-15,26.84,11.49,51.33,7.43,14.95,35.84,87.09
2023-02-16,26.51,11.27,51.23,7.46,14.3,35.76,87.27
2023-02-17,26.49,10.93,51.52,7.47,14.23,35.98,86.14
2023-02-22,26.26,10.75,50.95,7.21,14.68,35.55,85.48
2023-02-23,26.25,10.68,50.95,7.14,14.7,35.64,85.08
2023-02-24,26.25,10.33,51.72,7.11,14.52,35.38,83.21
2023-02-27,26.25,10.5,51.43,7.12,14.64,35.24,83.21
2023-02-28,25.94,10.49,51.72,7.05,14.48,35.49,83.49
2023-03-01,25.72,10.44,50.33,7.01,14.36,35.63,87.28
2023-03-02,26.16,10.53,51.42,6.97,14.29,35.59,87.09
2023-03-03,26.33,10.46,51.31,6.94,14.23,35.63,87.38
2023-03-06,26.74,10.9,51.63,7.01,14.52,35.85,84.3
2023-03-07,26.45,10.99,51.43,6.96,14.77,35.83,83.5
2023-03-08,26.22,11.58,51.27,7.07,15.42,36.12,84.26
2023-03-09,26.14,11.51,50.62,6.76,15.86,36.02,83.15
2023-03-10,26.09,11.2,51.12,6.74,15.38,,82.88
2023-03-13,25.53,11.29,52.58,6.82,15.55,36.27,83.22
2023-03-14,25.16,11.38,51.81,6.88,15.17,36.52,83.98
2023-03-15,24.94,11.47,52.12,7.05,15.16,37.17,81.45
2023-03-16,24.87,11.79,53.4,6.96,15.39,35.68,81.75
2023-03-17,24.53,11.24,52.59,6.71,14.24,35.41,82.73
2023-03-20,24.42,11.12,52.6,6.7,13.77,35.48,83.41
2023-03-21,25.09,11.11,52.69,6.58,13.73,34.78,82.71
2023-03-22,24.29,10.98,52.47,6.66,13.66,34.62,81.68
2023-03-23,23.8,10.36,52.7,6.61,12.81,34.43,79.58
